Study;PublicationYear;Day;Hour;IL6_pgml-1;IL6_errorvalue;IL6_sem;n;IL6_sd;TimeFromCatheter_h;Sleep;TimeAsleep;TimeAwake
Born1997;1997;1;8;9,868440612;2,543481492;7,32495912;10;23,16355459;0;0;;
Born1997;1997;1;11;7,349487141;4,250037164;3,099449978;10;9,801321423;3;0;;
Born1997;1997;1;14;6,519994054;3,703731232;2,816262821;10;8,905805005;6;0;;
Born1997;1997;1;17;16,11565334;6,537832615;9,577820722;10;30,2877285;9;0;;
Born1997;1997;1;20;9,93384867;5,991526684;3,942321986;10;12,46671675;12;0;;
Born1997;1997;1;23;7,414895198;3,754273822;3,660621377;10;11,5759012;15;0;;
Born1997;1997;1;26;16,16470938;24,05232645;7,887617066;10;24,94283524;18;1;3;
Born1997;1997;2;29;13,3640553;4,913037015;8,451018285;10;26,72446633;21;1;6;
Born1997;1997;2;32;13,94529508;9,436598781;4,508696298;10;14,25774958;24;1;8;
Born1997;1997;2;35;25,51062881;16,2145087;9,296120113;10;29,39691296;27;0;;
Born1997;1997;2;38;24,681879;14,82310094;9,858778059;10;31,17619361;30;0;;
Born1997;1997;2;41;21,03686636;11,74000297;9,296863386;10;29,3992634;33;0;;
Born1997;1997;2;44;19,92641594;28,65764828;8,731232347;10;27,610581;36;0;;
Born1997;1997;2;47;17,69064962;25,29507953;7,604429909;10;24,04731882;39;0;;
Born1997;1997;3;50;17,42381448;25,59313215;8,169317675;10;25,83365078;42;0;;
Born1997;1997;3;53;15,18730489;21,38397503;6,196670135;10;19,59559154;45;1;3;
Born1997;1997;3;56;15,48535751;9,568901442;5,916456073;10;18,70947687;48;1;6;
Born1997;1997;3;59;21,13646499;30,15014122;9,01367623;10;28,50374698;51;1;9;
Späth-Schwalbe1998;1998;1;18,5;1,041666667;-0,520833333;1,5625;16;6,25;0;0;;
Späth-Schwalbe1998;1998;1;22,5;2,604166667;1,5625;1,041666667;16;4,166666667;4;0;;
Späth-Schwalbe1998;1998;2;25,5;4,166666667;1,5625;2,604166667;16;10,41666667;7;1;3;
Späth-Schwalbe1998;1998;2;31,5;6,25;4,166666667;2,083333333;16;8,333333333;13;1;9;
Dugue1998;1998;1;8;1,75;NA;NA;22;NA;0;0;;
Dugue1998;1998;1;9,5;1,36;NA;NA;22;NA;1,5;0;;
Dugue1998;1998;1;11;1,91;NA;NA;22;NA;3;0;;
Vgontzas1999;1999;1;8;1,033282708;0,727978938;0,30530377;8;0,863529465;0;0;;
Vgontzas1999;1999;1;9;0,928343588;0,634759134;0,293584454;8;0,830382234;1;0;;
Vgontzas1999;1999;1;10;1,046472508;0,788157401;0,258315107;8;0,730625455;2;0;;
Vgontzas1999;1999;1;11;1,317264453;1,04718547;0,270078983;8;0,763898721;3;0;;
Vgontzas1999;1999;1;12;1,364943799;1,106628692;0,258315107;8;0,730625455;4;0;;
Vgontzas1999;1999;1;13;1,330454253;1,048655955;0,281798299;8;0,797045951;5;0;;
Vgontzas1999;1999;1;14;1,472088645;1,213773538;0,258315107;8;0,730625455;6;0;;
Vgontzas1999;1999;1;15;1,531531866;1,273216759;0,258315107;8;0,730625455;7;0;;
Vgontzas1999;1999;1;16;2,119369177;1,86103179;0,258337387;8;0,730688473;8;0;;
Vgontzas1999;1999;1;17;1,744373355;1,486035967;0,258337387;8;0,730688473;9;0;;
Vgontzas1999;1999;1;18;2,226491743;1,956435041;0,270056703;8;0,763835703;10;0;;
Vgontzas1999;1999;1;19;2,978689115;2,708610132;0,270078983;8;0,763898721;11;0;;
Vgontzas1999;1999;1;20;2,392322289;2,11052399;0,281798299;8;0,797045951;12;0;;
Vgontzas1999;1999;1;21;2,040809658;1,770730675;0,270078983;8;0,763898721;13;0;;
Vgontzas1999;1999;1;22;2,194185645;1,924151222;0,270034423;8;0,763772686;14;0;;
Vgontzas1999;1999;1;23;2,99332712;2,735012013;0,258315107;8;0,730625455;15;1;1;
Vgontzas1999;1999;2;24;2,817960705;2,536140127;0,281820579;8;0,797108969;16;1;2;
Vgontzas1999;1999;2;25;3,08873037;2,830415263;0,258315107;8;0,730625455;17;1;3;
Vgontzas1999;1999;2;26;4,780277684;4,498457105;0,281820579;8;0,797108969;18;1;4;
Vgontzas1999;1999;2;27;4,006045325;3,735988622;0,270056703;8;0,763835703;19;1;5;
Vgontzas1999;1999;2;28;4,218107011;3,924589397;0,293517614;8;0,830193182;20;1;6;
Vgontzas1999;1999;2;29;5,604350555;5,322552256;0,281798299;8;0,797045951;21;1;7;
Vgontzas1999;1999;2;30;4,689241327;4,407420748;0,281820579;8;0,797108969;22;1;8;
Vgontzas1999;1999;2;31;3,891525776;3,621491353;0,270034423;8;0,763772686;23;0;;
Undar1999;1999;1;6;6,08832851;7,322998484;1,234669974;10;3,904369276;0;0;;
Undar1999;1999;1;9;5,821620504;6,673832162;0,852211658;10;2,694929887;0;0;;
Undar1999;1999;1;12;4,937095218;5,759887006;0,822791787;10;2,601896088;0;0;;
Undar1999;1999;1;15;4,846906435;5,494143586;0,64723715;10;2,046743581;0;0;;
Undar1999;1999;1;18;4,934201461;5,845252859;0,911051399;10;2,880997485;0;0;;
Undar1999;1999;1;21;4,901887832;5,666804465;0,764916632;10;2,418878778;0;0;;
Undar1999;1999;1;24;5,077442469;6,048298195;0,970855726;10;3,070115372;0;0;;
Späth-Schwalbe2000;2000;1;22,5;1,849710983;2,265895954;0,416184971;18;1,765723292;0;0;;
Späth-Schwalbe2000;2000;2;25,5;1,803468208;2,265895954;0,462427746;18;1,961914769;3;1;3;
Späth-Schwalbe2000;2000;2;30,5;1,710982659;2,12716763;0,416184971;18;1,765723292;8;1;8;
Redwine2000;2000;1;22,5;1,06;1,24;0,182841569;31;1,018018771;0;0;;15,5
Redwine2000;2000;1;23;1,15;1,36;0,207844531;31;1,157229375;0,5;0;;16
Redwine2000;2000;1;23,5;1,27;1,47;0,198957222;31;1,107746933;1;0;;16,5
Redwine2000;2000;2;24;1,38;1,57;0,183315559;31;1,020657835;1,5;1;0,5;
Redwine2000;2000;2;24,5;1,61;1,88;0,277639531;31;1,545831485;2;1;1;
Redwine2000;2000;2;25;1,61;1,87;0,262471857;31;1,461381451;2,5;1;1,5;
Redwine2000;2000;2;25,5;1,65;1,96;0,301931508;31;1,681083493;3;1;2;
Redwine2000;2000;2;26;2,33;2,79;0,4604811;31;2,563850256;3,5;1;2,5;
Redwine2000;2000;2;26,5;1,76;1,97;0,215309871;31;1,198794626;4;1;3;
Redwine2000;2000;2;27;1,77;1,99;0,215072876;31;1,197475094;4,5;1;3,5;
Redwine2000;2000;2;27,5;1,8;2,03;0,23071454;31;1,284564192;5;1;4;
Redwine2000;2000;2;28;1,71;1,95;0,237705889;31;1,323490379;5,5;1;4,5;
Redwine2000;2000;2;28,5;1,67;1,92;0,254769522;31;1,418496668;6;1;5;
Redwine2000;2000;2;29;1,8;2,09;0,293518189;31;1,634240115;6,5;1;5,5;
Redwine2000;2000;2;29,5;1,7;2,01;0,309870838;31;1,725287808;7;1;6;
Haack2000;2000;1;9;2,351145038;2,961832061;0,610687023;20;2,731075392;0;0;;
Haack2000;2000;1;10;1,740458015;2,290076336;0,549618321;20;2,457967853;1;0;;
Haack2000;2000;1;11;3,572519084;4,427480916;0,854961832;20;3,823505549;2;0;;
Haack2000;2000;1;12;5,160305344;6,167938931;1,007633588;20;4,506274397;3;0;;
Haack2000;2000;1;13;5,099236641;5,801526718;0,702290076;20;3,140736701;4;0;;
Haack2000;2000;1;14;4,763358779;6,045801527;1,282442748;20;5,735258324;5;0;;
Haack2000;2000;1;15;3,511450382;4,305343511;0,79389313;20;3,55039801;6;0;;
Haack2000;2000;1;18;4,335877863;5,099236641;0,763358779;20;3,41384424;9;0;;
Haack2000;2000;1;19;5,709923664;6,93129771;1,221374046;20;5,462150785;10;0;;
Vgontzas2000healthy;2000;1;6,5;1,46;;0,24;12;0,831384388;0;0;;
Vgontzas2000healthy;2000;1;19,5;1,52;;0,25;12;0,866025404;0;0;;
Vgontzas2000obese;2000;1;6,5;1,86;;0,29;11;0,961821189;0;0;;
Vgontzas2000obese;2000;1;19,5;2,71;;0,5;11;1,658312395;0;0;;
Baker2001;2001;1;11,67;4,485461609;3,571277631;0,914183978;8;2,585702761;0;0;;
Baker2001;2001;1;12,67;3,984692052;3,349245834;0,635446218;8;1,79731332;1;0;;
Baker2001;2001;1;13,67;6,345077746;4,596777011;1,748300735;8;4,94494122;2;0;;
Baker2001;2001;1;14,67;7,592608924;8,745197547;1,152588624;8;3,260012927;3;0;;
Baker2001;2001;1;15,67;7,926255626;6,257423107;1,668832519;8;4,720171165;4;0;;
Baker2001;2001;1;16,67;7,385152955;5,796088154;1,589064801;8;4,494553986;5;0;;
Haack2001;2001;1;0;6,101694915;3,389830508;2,711864407;10;8,575668231;6,5;1;1;
Haack2001;2001;1;1;12,88135593;8,813559322;4,06779661;10;12,86350235;7,5;1;2;
Haack2001;2001;1;2;10,84745763;7,457627119;3,389830508;10;10,71958529;8,5;1;3;
Haack2001;2001;1;3;16,94915254;12,20338983;4,745762712;10;15,0074194;9,5;1;4;
Haack2001;2001;1;4;16,94915254;12,20338983;4,745762712;10;15,0074194;10,5;1;5;
Haack2001;2001;1;5;21,69491525;14,91525424;6,779661017;10;21,43917058;11,5;1;6;
Haack2001;2001;1;6;23,72881356;29,83050847;6,101694915;10;19,29525352;12,5;1;7;
Haack2001;2001;1;7;18,30508475;22,37288136;4,06779661;10;12,86350235;13,5;1;8;
Haack2001;2001;1;9;14,91525424;17,62711864;2,711864407;10;8,575668231;15,5;0;;
Haack2001;2001;1;11;11,52542373;14,91525424;3,389830508;10;10,71958529;17,5;0;;
Haack2002;2002;1;10;1,17791411;1,398773006;0,220858896;12;0,765077657;0;0;;
Haack2002;2002;1;11;1,300613497;1,54601227;0,245398773;12;0,850086286;1;0;;
Haack2002;2002;1;12;3,239263804;4,392638037;1,153374233;12;3,995405544;2;0;;
Haack2002;2002;1;13;2,674846626;3,411042945;0,736196319;12;2,550258858;3;0;;
Haack2002;2002;1;14;2,82208589;3,337423313;0,515337423;12;1,7851812;4;0;;
Haack2002;2002;1;15;3,165644172;4,073619632;0,90797546;12;3,145319258;5;0;;
Haack2002;2002;1;16;3,116564417;3,852760736;0,736196319;12;2,550258858;6;0;;
Haack2002;2002;1;17;3,852760736;5,030674847;1,17791411;12;4,080414172;7;0;;
Haack2002;2002;1;18;2,650306748;3,165644172;0,515337423;12;1,7851812;8;0;;
Haack2002;2002;1;19;3,214723926;3,803680982;0,588957055;12;2,040207086;9;0;;
Haack2002;2002;1;20;4,760736196;6,208588957;1,447852761;12;5,015509087;10;0;;
Haack2002;2002;1;21;3,73006135;4,417177914;0,687116564;12;2,380241601;11;0;;
Haack2002;2002;1;22;4,981595092;6,331288344;1,349693252;12;4,675474573;12;0;;
Haack2002;2002;1;23;4,294478528;5,840490798;1,54601227;12;5,355543601;13;0;;
Haack2002;2002;2;24;4,932515337;6,773006135;1,840490798;12;6,375647144;14;1;1;
Haack2002;2002;2;25;4,245398773;5,17791411;0,932515337;12;3,230327887;15;1;2;
Haack2002;2002;2;26;5,349693252;6,969325153;1,619631902;12;5,610569487;16;1;3;
Haack2002;2002;2;27;7,533742331;9,325153374;1,791411043;12;6,205629887;17;1;4;
Haack2002;2002;2;28;7,828220859;10,47852761;2,650306748;12;9,180931888;18;1;5;
Haack2002;2002;2;29;5,987730061;7,63190184;1,644171779;12;5,695578116;19;1;6;
Haack2002;2002;2;30;5,938650307;7,656441718;1,717791411;12;5,950604001;20;1;7;
Haack2002;2002;2;31;5,006134969;6,036809816;1,030674847;12;3,570362401;21;1;8;
Haack2002;2002;2;32;3,877300613;4,809815951;0,932515337;12;3,230327887;22;0;;
Haack2002;2002;2;33;3,386503067;4,515337423;1,128834356;12;3,910396915;23;0;;
Haack2002;2002;2;34;4,26993865;5,619631902;1,349693252;12;4,675474573;24;0;;
Vgontzas2002;2002;1;7;3,373033708;2,793258427;0,579775281;11;1,922897069;0;0;;
Vgontzas2002;2002;1;8;1,75505618;1;0,75505618;11;2,504238044;1;0;;
Vgontzas2002;2002;1;9;1,37752809;0,730337079;0,647191011;11;2,146489752;2;0;;
Vgontzas2002;2002;1;10;1,471910112;0,824719101;0,647191011;11;2,146489752;3;0;;
Vgontzas2002;2002;1;11;1,714606742;1,161797753;0,552808989;11;1,833459996;4;0;;
Vgontzas2002;2002;1;12;2,105617978;1,579775281;0,525842697;11;1,744022923;5;0;;
Vgontzas2002;2002;1;13;2,739325843;2,2;0,539325843;11;1,78874146;6;0;;
Vgontzas2002;2002;1;14;3,130337079;2,523595506;0,606741573;11;2,012334142;7;0;;
Vgontzas2002;2002;1;15;2,874157303;2,307865169;0,566292135;11;1,878178533;8;0;;
Vgontzas2002;2002;1;16;2,631460674;2,240449438;0,391011236;11;1,296837558;9;0;;
Vgontzas2002;2002;1;17;2,928089888;2,388764045;0,539325843;11;1,78874146;10;0;;
Vgontzas2002;2002;1;18;3,08988764;2,429213483;0,660674157;11;2,191208288;11;0;;
Vgontzas2002;2002;1;19;3,629213483;2,820224719;0,808988764;11;2,68311219;12;0;;
Vgontzas2002;2002;1;20;3,373033708;2,64494382;0,728089888;11;2,414800971;13;0;;
Vgontzas2002;2002;1;21;2,982022472;2,388764045;0,593258427;11;1,967615606;14;0;;
Vgontzas2002;2002;1;22;3,02247191;2,442696629;0,579775281;11;1,922897069;15;0;;
Vgontzas2002;2002;1;23;3,305617978;2,631460674;0,674157303;11;2,235926825;16;1;1;
Vgontzas2002;2002;2;24;4,249438202;3,588764045;0,660674157;11;2,191208288;17;1;2;
Vgontzas2002;2002;2;25;3,817977528;3,143820225;0,674157303;11;2,235926825;18;1;3;
Vgontzas2002;2002;2;26;4,074157303;3,346067416;0,728089888;11;2,414800971;19;1;4;
Vgontzas2002;2002;2;27;3,791011236;3,197752809;0,593258427;11;1,967615606;20;1;5;
Vgontzas2002;2002;2;28;3,898876404;3,238202247;0,660674157;11;2,191208288;21;1;6;
Vgontzas2002;2002;2;29;3,521348315;2,874157303;0,647191011;11;2,146489752;22;1;7;
Vgontzas2002;2002;2;30;4,478651685;3,521348315;0,957303371;11;3,175016091;23;1;8;
Vgontzas2003old;2003;1;8;2,576282271;3,008714704;0,432432432;13;1,559157308;0;0;;
Vgontzas2003old;2003;1;8,5;2,737888524;3,260411046;0,522522523;13;1,883981748;0,5;0;;
Vgontzas2003old;2003;1;9;2,557152434;3,007635585;0,450483151;13;1,6242401;1;0;;
Vgontzas2003old;2003;1;9,5;2,41245238;2,826834094;0,414381714;13;1,494074517;1,5;0;;
Vgontzas2003old;2003;1;10;2,339824398;2,736188094;0,396363696;13;1,429109629;2;0;;
Vgontzas2003old;2003;1;10,5;2,573535423;2,9518157;0,378280277;13;1,363908934;2,5;0;;
Vgontzas2003old;2003;1;11;2,482824022;2,879285819;0,396461798;13;1,42946334;3;0;;
Vgontzas2003old;2003;1;11,5;2,950769281;3,311162342;0,360393061;13;1,299415661;3,5;0;;
Vgontzas2003old;2003;1;12;2,878174;3,238468959;0,360294959;13;1,29906195;4;0;;
Vgontzas2003old;2003;1;12,5;3,418060529;3,850492961;0,432432432;13;1,559157308;4,5;0;;
Vgontzas2003old;2003;1;13;3,633753536;4,030084531;0,396330995;13;1,428991725;5;0;;
Vgontzas2003old;2003;1;13,5;3,741240333;4,13766943;0,396429097;13;1,429345436;5,5;0;;
Vgontzas2003old;2003;1;14;3,488497572;3,920864603;0,432367031;13;1,558921501;6;0;;
Vgontzas2003old;2003;1;14,5;3,704125178;4,064452838;0,36032766;13;1,299179853;6,5;0;;
Vgontzas2003old;2003;1;15;3,847680712;4,244109809;0,396429097;13;1,429345436;7;0;;
Vgontzas2003old;2003;1;15,5;4,261571917;4,712022367;0,45045045;13;1,624122196;7,5;0;;
Vgontzas2003old;2003;1;16;3,666388712;4,13485718;0,468468468;13;1,689087084;8;0;;
Vgontzas2003old;2003;1;16,5;4,062261899;4,548748385;0,486486486;13;1,754051972;8,5;0;;
Vgontzas2003old;2003;1;17;4,061673289;4,602213829;0,540540541;13;1,948946635;9;0;;
Vgontzas2003old;2003;1;17,5;4,96201828;5,610568827;0,648550547;13;2,338382252;9,5;0;;
Vgontzas2003old;2003;1;18;4,114648224;4,637072644;0,522424421;13;1,883628037;10;0;;
Vgontzas2003old;2003;1;18,5;4,924870424;5,501447001;0,576576577;13;2,078876411;10,5;0;;
Vgontzas2003old;2003;1;19;4,257582446;4,690047579;0,432465133;13;1,559275212;11;0;;
Vgontzas2003old;2003;1;19,5;5,031866712;5,716518697;0,684651984;13;2,468547835;11,5;0;;
Vgontzas2003old;2003;1;20;4,490737562;4,941155311;0,45041775;13;1,624004293;12;0;;
Vgontzas2003old;2003;1;20,5;5,066758228;5,931590393;0,864832164;13;3,118196713;12,5;0;;
Vgontzas2003old;2003;1;21;4,039142591;4,543581694;0,504439103;13;1,818781052;13;0;;
Vgontzas2003old;2003;1;21,5;4,561109204;5,137783882;0,576674678;13;2,079230122;13,5;0;;
Vgontzas2003old;2003;1;22;4,344337078;4,884844918;0,54050784;13;1,948828732;14;0;;
Vgontzas2003old;2003;1;22,5;5,244682069;5,785189909;0,54050784;13;1,948828732;14,5;1;0,5;
Vgontzas2003old;2003;1;23;4,613495528;5,063913278;0,45041775;13;1,624004293;15;1;1;
Vgontzas2003old;2003;1;23,5;5,730024035;6,360654666;0,630630631;13;2,273771075;15,5;1;1,5;
Vgontzas2003old;2003;2;24;5,819558215;6,378116774;0,558558559;13;2,013911523;16;1;2;
Vgontzas2003old;2003;2;24,5;5,332515819;6,035185821;0,702670002;13;2,533512722;16,5;1;2,5;
Vgontzas2003old;2003;2;25;4,989617567;5,512107389;0,522489822;13;1,883863844;17;1;3;
Vgontzas2003old;2003;2;25,5;5,349422017;6,106211475;0,756789457;13;2,728643193;17,5;1;3,5;
Vgontzas2003old;2003;2;26;5,583067641;6,177662236;0,594594595;13;2,143841299;18;1;4;
Vgontzas2003old;2003;2;26,5;6,735730286;7,690619839;0,954889554;13;3,442903249;18,5;1;4,5;
Vgontzas2003old;2003;2;27;6,536943477;7,329703569;0,792760092;13;2,858337162;19;1;5;
Vgontzas2003old;2003;2;27,5;6,914700544;7,923709553;1,009009009;13;3,638033719;19,5;1;5,5;
Vgontzas2003old;2003;2;28;6,661925083;7,598796619;0,936871536;13;3,377938361;20;1;6;
Vgontzas2003old;2003;2;28,5;6,643253053;7,796471608;1,153218554;13;4,157988629;20,5;1;6,5;
Vgontzas2003old;2003;2;29;5,741894344;6,372492274;0,63059793;13;2,273653171;21;1;7;
Vgontzas2003old;2003;2;29,5;6,588152581;7,110675103;0,522522523;13;1,883981748;21,5;1;7,5;
Vgontzas2003old;2003;2;30;6,605581989;7,578587662;0,973005674;13;3,508221847;22;1;8;
Vgontzas2003old;2003;2;30,5;6,118572293;6,568957342;0,450385049;13;1,623886389;22,5;1;8,5;
Vgontzas2003old;2003;2;31;7,181079446;7,649482513;0,468403067;13;1,688851277;23;0;;
Vgontzas2003old;2003;2;31,5;6,693971649;7,360671016;0,666699367;13;2,403818754;23,5;0;;
Vgontzas2003young;2003;1;8;1,369042364;1,531269927;0,162227563;15;0,628304651;0;0;;
Vgontzas2003young;2003;1;8,5;1,278461765;1,386537172;0,108075408;15;0,418574254;0,5;0;;
Vgontzas2003young;2003;1;9;1,295793071;1,440035317;0,144242246;15;0,558647816;1;0;;
Vgontzas2003young;2003;1;9,5;1,259364628;1,40341067;0,144046042;15;0,557887923;1,5;0;;
Vgontzas2003young;2003;1;10;1,096581155;1,240692598;0,144111444;15;0,558141221;2;0;;
Vgontzas2003young;2003;1;10,5;1,132061281;1,258187407;0,126126126;15;0,488484386;2,5;0;;
Vgontzas2003young;2003;1;11;1,257566096;1,383790324;0,126224228;15;0,488864332;3;0;;
Vgontzas2003young;2003;1;11,5;1,419172348;1,563316493;0,144144144;15;0,55826787;3,5;0;;
Vgontzas2003young;2003;1;12;1,328559049;1,436634457;0,108075408;15;0,418574254;4;0;;
Vgontzas2003young;2003;1;12,5;1,634244044;1,850492961;0,216248917;15;0,837528453;4,5;0;;
Vgontzas2003young;2003;1;13;1,867955069;2,084203986;0,216248917;15;0,837528453;5;0;;
Vgontzas2003young;2003;1;13,5;2,101633394;2,281813574;0,18018018;15;0,697834837;5,5;0;;
Vgontzas2003young;2003;1;14;2,047056131;2,263239646;0,216183516;15;0,837275156;6;0;;
Vgontzas2003young;2003;1;14,5;2,244534916;2,442831216;0,1982963;15;0,767998267;6,5;0;;
Vgontzas2003young;2003;1;15;2,334101797;2,58638675;0,252284953;15;0,977095421;7;0;;
Vgontzas2003young;2003;1;15,5;2,459672013;2,766043721;0,306371707;15;1,186572521;7,5;0;;
Vgontzas2003young;2003;1;16;2,657379703;3,017772764;0,360393061;15;1,395796323;8;0;;
Vgontzas2003young;2003;1;16,5;2,728830464;3,107241543;0,378411079;15;1,465579807;8,5;0;;
Vgontzas2003young;2003;1;17;2,746488776;3,088667615;0,342178839;15;1,325252947;9;0;;
Vgontzas2003young;2003;1;17,5;2,94393486;3,412436029;0,468501169;15;1,814497225;9,5;0;;
Vgontzas2003young;2003;1;18;3,231601838;3,808309217;0,576707379;15;2,233578074;10;0;;
Vgontzas2003young;2003;1;18,5;3,465378264;4,13201223;0,666633966;15;2,581862249;10,5;0;;
Vgontzas2003young;2003;1;19;3,464855055;4,131489021;0,666633966;15;2,581862249;11;0;;
Vgontzas2003young;2003;1;19,5;3,356092935;3,968738248;0,612645313;15;2,372765095;11,5;0;;
Vgontzas2003young;2003;1;20;3,391540361;3,733980805;0,342440444;15;1,326266137;12;0;;
Vgontzas2003young;2003;1;20,5;3,15691372;3,499190661;0,342276941;15;1,325632893;12,5;0;;
Vgontzas2003young;2003;1;21;3,102172953;3,426497278;0,324324324;15;1,256102707;13;0;;
Vgontzas2003young;2003;1;21,5;2,903418845;3,335851278;0,432432432;15;1,674803609;13,5;0;;
Vgontzas2003young;2003;1;22;3,119046451;3,551511584;0,432465133;15;1,674930258;14;0;;
Vgontzas2003young;2003;1;22,5;3,406876931;3,911348735;0,504471804;15;1,953810895;14,5;1;0,5;
Vgontzas2003young;2003;1;23;3,730612645;4,451333366;0,720720721;15;2,791339349;15;1;1;
Vgontzas2003young;2003;1;23,5;3,261522866;3,639933945;0,378411079;15;1,465579807;15,5;1;1,5;
Vgontzas2003young;2003;2;24;3,801605598;4,846585242;1,044979644;15;4,047188758;16;1;2;
Vgontzas2003young;2003;2;24,5;3,728912215;4,179362666;0,45045045;15;1,744587093;16,5;1;2,5;
Vgontzas2003young;2003;2;25;4,088716666;4,683343961;0,594627295;15;2,302981611;17;1;3;
Vgontzas2003young;2003;2;25,5;4,610650578;5,241313909;0,630663331;15;2,442548579;17,5;1;3,5;
Vgontzas2003young;2003;2;26;5,258710616;5,492977551;0,234266935;15;0,907311937;18;1;4;
Vgontzas2003young;2003;2;26,5;4,627556776;5,510406959;0,882850182;15;3,419264053;18,5;1;4,5;
Vgontzas2003young;2003;2;27;4,735108975;5,455829695;0,720720721;15;2,791339349;19;1;5;
Vgontzas2003young;2003;2;27,5;4,374160004;5,130949461;0,756789457;15;2,931032965;19,5;1;5,5;
Vgontzas2003young;2003;2;28;4,175471297;5,184382204;1,008910907;15;3,907495142;20;1;6;
Vgontzas2003young;2003;2;28,5;4,373080885;5,327970439;0,954889554;15;3,698271339;20,5;1;6,5;
Vgontzas2003young;2003;2;29;3,363417864;3,903991105;0,540573241;15;2,09363116;21;1;7;
Vgontzas2003young;2003;2;29,5;3,579143572;4,389954383;0,810810811;15;3,140256767;21,5;1;7,5;
Vgontzas2003young;2003;2;30;3,758735142;4,875852259;1,117117117;15;4,32657599;22;1;8;
Vgontzas2003young;2003;2;30,5;3,469923644;4,190578964;0,72065532;15;2,791086051;22,5;1;8,5;
Vgontzas2003young;2003;2;31;3,433331698;3,973839538;0,54050784;15;2,093377863;23;0;;
Vgontzas2003young;2003;2;31,5;3,721064077;4,802112457;1,081048381;15;4,186882374;23,5;0;;
Alberti2003;2003;1;22;4,9;;;20;1,45;0;0;;
Alberti2003;2003;2;25;4,9;;;2;1,4;3;1;3;
Irwin2004;2004;1;23;1,822420603;1,415722038;0,406698565;15;1,575136768;0;0;;
Irwin2004;2004;2;27;2,764169423;2,381394303;0,38277512;15;1,482481664;4;1;4;
Irwin2004;2004;2;30,5;3,012138339;2,294434989;0,717703349;15;2,779653119;7,5;1;7,5;
Irwin2004;2004;2;47;1,830866061;1,424167496;0,406698565;15;1,575136768;0;0;;
Vgontzas2004;2004;1;8;1,950566431;2,237481904;0,286915473;25;1,434577365;0;0;;
Vgontzas2004;2004;1;8,5;1,677530686;1,964417122;0,286886436;25;1,43443218;0,5;0;;
Vgontzas2004;2004;1;9;1,605344484;1,877857561;0,272513077;25;1,362565385;1;0;;
Vgontzas2004;2004;1;9,5;1,633481422;1,877334893;0,243853471;25;1,219267353;1,5;0;;
Vgontzas2004;2004;1;10;1,733427082;2,034686876;0,301259795;25;1,506298974;2;0;;
Vgontzas2004;2004;1;10,5;1,80465506;2,105885818;0,301230758;25;1,506153789;2,5;0;;
Vgontzas2004;2004;1;11;1,976293291;2,248835405;0,272542114;25;1,362710571;3;0;;
Vgontzas2004;2004;1;11,5;2,205308809;2,549572533;0,344263723;25;1,721318616;3,5;0;;
Vgontzas2004;2004;1;12;2,419980006;2,692493083;0,272513077;25;1,362565385;4;0;;
Vgontzas2004;2004;1;12,5;2,577273915;2,921566675;0,34429276;25;1,721463801;4,5;0;;
Vgontzas2004;2004;1;13;2,705908218;3,093175869;0,387267651;25;1,936338257;5;0;;
Vgontzas2004;2004;1;13,5;2,777107159;3,135744241;0,358637082;25;1,79318541;5,5;0;;
Vgontzas2004;2004;1;14;2,963118749;3,192598861;0,229480112;25;1,147400558;6;0;;
Vgontzas2004;2004;1;14,5;3,063035371;3,321204127;0,258168755;25;1,290843776;6,5;0;;
Vgontzas2004;2004;1;15;3,119919028;3,607538858;0,48761983;25;2,438099149;7;0;;
Vgontzas2004;2004;1;15,5;3,162429326;3,592788017;0,430358691;25;2,151793455;7,5;0;;
Vgontzas2004;2004;1;16;3,090243123;3,52054374;0,430300617;25;2,151503084;8;0;;
Vgontzas2004;2004;1;16,5;3,175786387;3,606145078;0,430358691;25;2,151793455;8,5;0;;
Vgontzas2004;2004;1;17;3,361768939;3,777754272;0,415985332;25;2,079926661;9;0;;
Vgontzas2004;2004;1;17,5;3,605157817;4,049831792;0,444673976;25;2,223369879;9,5;0;;
Vgontzas2004;2004;1;18;3,805455654;4,264502989;0,459047335;25;2,295236673;10;0;;
Vgontzas2004;2004;1;18,5;3,804962024;4,321357608;0,516395585;25;2,581977924;10,5;0;;
Vgontzas2004;2004;1;19;4,062666185;4,636439057;0,573772872;25;2,868864359;11;0;;
Vgontzas2004;2004;1;19,5;4,291710741;4,879827935;0,588117194;25;2,940585968;11,5;0;;
Vgontzas2004;2004;1;20;4,319876717;4,864989982;0,545113265;25;2,725566327;12;0;;
Vgontzas2004;2004;1;20,5;4,061214331;4,634958166;0,573743835;25;2,868719174;12,5;0;;
Vgontzas2004;2004;1;21;4,060691663;4,663182216;0,602490553;25;3,012452763;13;0;;
Vgontzas2004;2004;1;21,5;4,189325966;4,777414123;0,588088157;25;2,940440783;13,5;0;;
Vgontzas2004;2004;1;22;4,418312447;5,063777891;0,645465444;25;3,227327219;14;0;;
Vgontzas2004;2004;1;22,5;4,173994383;4,733364859;0,559370476;25;2,79685238;14,5;0;;
Vgontzas2004;2004;1;23;3,972651211;4,532079761;0,55942855;25;2,79714275;15;1;0,5;
Vgontzas2004;2004;1;23,5;3,699615466;4,187351444;0,487735978;25;2,438679891;15,5;1;1;
Vgontzas2004;2004;2;24;3,727810479;4,215546457;0,487735978;25;2,438679891;16;1;1,5;
Vgontzas2004;2004;2;24,5;3,713001564;4,258056755;0,545055191;25;2,725275956;16,5;1;2;
Vgontzas2004;2004;2;25;3,755540899;4,257563125;0,502022226;25;2,510111129;17;1;2,5;
Vgontzas2004;2004;2;25,5;3,855457521;4,285758138;0,430300617;25;2,151503084;17,5;1;3;
Vgontzas2004;2004;2;26;3,811901888;4,256575864;0,444673976;25;2,223369879;18;1;3,5;
Vgontzas2004;2004;2;26,5;3,897474188;4,385181129;0,487706941;25;2,438534706;18,5;1;4;
Vgontzas2004;2004;2;27;3,810914627;4,255588603;0,444673976;25;2,223369879;19;1;4,5;
Vgontzas2004;2004;2;27,5;3,867769246;4,283783616;0,416014369;25;2,080071846;19,5;1;5;
Vgontzas2004;2004;2;28;3,881648975;4,311978629;0,430329654;25;2,15164827;20;1;5,5;
Vgontzas2004;2004;2;28,5;3,823778057;4,268452033;0,444673976;25;2,223369879;20,5;1;6;
Vgontzas2004;2004;2;29;3,737218496;4,16754815;0,430329654;25;2,15164827;21;1;6,5;
Vgontzas2004;2004;2;29,5;3,507128605;3,937487296;0,430358691;25;2,151793455;21,5;1;7;
Vgontzas2004;2004;2;30;3,549755051;3,994429027;0,444673976;25;2,223369879;22;1;7,5;
Vgontzas2004;2004;2;30,5;3,620953993;4,022595003;0,40164101;25;2,008205052;22,5;1;8;
Vgontzas2004;2004;2;31;3,276225676;3,620431325;0,344205649;25;1,721028245;23;0;;
Vgontzas2004;2004;2;31,5;2,64455285;2,960127929;0,31557508;25;1,577875398;23,5;0;;
Szczudlik2004;2004;1;6;3,691593746;7,691199442;;17;3,999605696;0;0;;
Szczudlik2004;2004;1;10;2,505042539;5,647492379;;17;3,14244984;0;0;;
Szczudlik2004;2004;1;18;3,173842491;6,031028678;;17;2,857186187;0;0;;
Szczudlik2004;2004;1;22;1,691108449;4,691153945;;17;3,000045497;0;0;;
Alesci2005;2005;1;9;3,429616108;2,766904416;0,662711693;9;1,988135078;0;0;;
Alesci2005;2005;1;10;2,804594981;2,161263789;0,643331192;9;1,929993577;1;0;;
Alesci2005;2005;1;11;3,19316274;2,432928822;0,760233918;9;2,280701754;2;0;;
Alesci2005;2005;1;12;2,704537516;1,905260904;0,799276612;9;2,397829835;3;0;;
Alesci2005;2005;1;13;3,522011516;2,664311711;0,857699805;9;2,573099415;4;0;;
Alesci2005;2005;1;14;3,306234436;2,253659196;1,05257524;9;3,157725721;5;0;;
Alesci2005;2005;1;15;2,583747423;1,726047617;0,857699805;9;2,573099415;6;0;;
Alesci2005;2005;1;16;3,030794713;2,192588085;0,838206628;9;2,514619883;7;0;;
Alesci2005;2005;1;17;3,614294246;2,542225828;1,072068418;9;3,216205253;8;0;;
Alesci2005;2005;1;18;3,145218538;2,07315012;1,072068418;9;3,216205253;9;0;;
Alesci2005;2005;1;19;3,533786296;2,559127427;0,974658869;9;2,923976608;10;0;;
Alesci2005;2005;1;20;3,51299733;2,577324815;0,935672515;9;2,807017544;11;0;;
Alesci2005;2005;1;21;3,414235653;2,576085364;0,838150289;9;2,514450867;12;0;;
Alesci2005;2005;1;22;4,114750589;3,101161703;1,013588886;9;3,040766657;13;0;;
Alesci2005;2005;1;23;3,665168058;2,866004124;0,799163934;9;2,397491803;14;1;1;
Alesci2005;2005;1;24;3,995256285;3,468940495;0,526315789;9;1,578947368;15;1;2;
Alesci2005;2005;2;25;3,896494608;2,941272578;0,955222031;9;2,865666092;16;1;3;
Alesci2005;2005;2;26;3,719760223;2,823017724;0,896742499;9;2,690227496;17;1;4;
Alesci2005;2005;2;27;3,426123111;2,431914726;0,994208385;9;2,982625156;18;1;5;
Alesci2005;2005;2;28;3,463757338;2,528141162;0,935616176;9;2,806848528;19;1;6;
Alesci2005;2005;2;29;3,910860967;2,955695275;0,955165692;9;2,865497076;20;1;7;
Alesci2005;2005;2;30;2,915413131;2,389041003;0,526372128;9;1,579116384;21;1;8;
Mehra2006a;2006;2;31,5;1,672774869;1,861256545;0,188481676;150;2,30841966;0;0;;
Mehra2006a;2006;1;22,5;2,002617801;2,191099476;0,188481675;150;2,308419648;0;0;;
Mehra2006b;2006;2;31,5;2,002617801;2,238219895;0,235602094;23;1,129907949;0;0;;
Mehra2006b;2006;1;22,5;2,356020942;2,615183246;0,259162304;23;1,242898747;0;0;;
Mehra2006c;2006;2;31,5;2,191099476;2,45026178;0,259162304;12;0,897764556;0;0;;
Mehra2006c;2006;1;22,5;2,968586387;3,345549738;0,376963351;12;1,305839353;0;0;;
Mehra2006d;2006;2;31,5;2,308900524;2,568062827;0,259162303;35;1,533224861;0;0;;
Mehra2006d;2006;1;22,5;2,780104712;3,109947644;0,329842932;35;1,951377102;0;0;;
Mehra2006e;2006;2;31,5;2,87434555;3,180628272;0,306282722;30;1,677579558;0;0;;
Mehra2006e;2006;1;22,5;3,69895288;4,123036649;0,424083769;30;2,322802466;0;0;;
Burgos2006;2006;1;19;0,861407474;-0,447784727;;11;1,309192201;1;0;;
Burgos2006;2006;1;21;1,417984969;0,248068534;;11;1,169916435;3;0;;
Burgos2006;2006;1;23;2,252588427;0,498239344;;11;1,754349083;5;1;0;
Burgos2006;2006;2;25;2,670941294;-0,142954749;;11;2,813896042;7;1;2;
Burgos2006;2006;2;27;1,639775056;0,219162243;;11;1,420612813;9;1;4;
Burgos2006;2006;2;29;1,499973722;0,525043359;;11;0,974930362;11;1;6;
Burgos2006;2006;2;31;1,833184422;0,273821412;;11;1,55936301;13;1;8;
Burgos2006;2006;2;33;4,145687707;1,164660745;;11;2,981026962;15;0;;
Vgontzas2007nonap;2007;1;8;1,398190045;1,085972851;0,312217195;20;1,396277742;0;0;;
Vgontzas2007nonap;2007;1;8,5;1,533936652;1,221719457;0,312217195;20;1,396277742;0,5;0;;
Vgontzas2007nonap;2007;1;9;1,466063348;1,194570136;0,271493213;20;1,214154558;1;0;;
Vgontzas2007nonap;2007;1;9,5;1,438914027;1,167420814;0,271493213;20;1,214154558;1,5;0;;
Vgontzas2007nonap;2007;1;10;1,167420814;0,950226244;0,21719457;20;0,971323646;2;0;;
Vgontzas2007nonap;2007;1;10,5;1,330316742;1,058823529;0,271493213;20;1,214154558;2,5;0;;
Vgontzas2007nonap;2007;1;11;1,411764706;1,113122172;0,298642534;20;1,335570014;3;0;;
Vgontzas2007nonap;2007;1;11,5;1,235294118;1,058823529;0,176470588;20;0,789200463;3,5;0;;
Vgontzas2007nonap;2007;1;12;1,466063348;1,235294118;0,230769231;20;1,032031374;4;0;;
Vgontzas2007nonap;2007;1;12,5;1,737556561;1,153846154;0,583710407;20;2,6104323;4,5;0;;
Vgontzas2007nonap;2007;1;13;1,628959276;1,371040724;0,257918552;20;1,15344683;5;0;;
Vgontzas2007nonap;2007;1;13,5;1,628959276;1,330316742;0,298642534;20;1,335570014;5,5;0;;
Vgontzas2007nonap;2007;1;14;1,601809955;1,357466063;0,244343891;20;1,092739102;6;0;;
Vgontzas2007nonap;2007;1;14,5;1,683257919;1,438914027;0,244343891;20;1,092739102;6,5;0;;
Vgontzas2007nonap;2007;1;15;1,92760181;1,601809955;0,325791855;20;1,45698547;7;0;;
Vgontzas2007nonap;2007;1;15,5;1,886877828;1,601809955;0,285067873;20;1,274862286;7,5;0;;
Vgontzas2007nonap;2007;1;16;2,090497738;1,628959276;0,461538462;20;2,064062748;8;0;;
Vgontzas2007nonap;2007;1;16,5;2,253393665;1,737556561;0,515837104;20;2,30689366;8,5;0;;
Vgontzas2007nonap;2007;1;17;2,416289593;1,981900452;0,43438914;20;1,942647293;9;0;;
Vgontzas2007nonap;2007;1;17,5;2,402714932;1,805429864;0,597285068;20;2,671140027;9,5;0;;
Vgontzas2007nonap;2007;1;18;2,253393665;1,954751131;0,298642534;20;1,335570014;10;0;;
Vgontzas2007nonap;2007;1;18,5;2,389140271;2,117647059;0,271493213;20;1,214154558;10,5;0;;
Vgontzas2007nonap;2007;1;19;2,389140271;2,090497738;0,298642534;20;1,335570014;11;0;;
Vgontzas2007nonap;2007;1;19,5;3,271493213;2,742081448;0,529411765;20;2,367601388;11,5;0;;
Vgontzas2007nonap;2007;1;20;3,190045249;2,660633484;0,529411765;20;2,367601388;12;0;;
Vgontzas2007nonap;2007;1;20,5;3,285067873;2,674208145;0,610859729;20;2,731847755;12,5;0;;
Vgontzas2007nonap;2007;1;21;2,877828054;2,36199095;0,515837104;20;2,30689366;13;0;;
Vgontzas2007nonap;2007;1;21,5;2,837104072;2,294117647;0,542986425;20;2,428309116;13,5;0;;
Vgontzas2007nonap;2007;1;22;3,108597285;2,538461538;0,570135747;20;2,549724572;14;0;;
Vgontzas2007nonap;2007;1;22,5;2,837104072;2,280542986;0,556561086;20;2,489016844;14,5;0;;
Vgontzas2007nonap;2007;1;23;3,013574661;2,402714932;0,610859729;20;2,731847755;15;1;0;
Vgontzas2007nonap;2007;1;23,5;2,416289593;2,049773756;0,366515837;20;1,639108653;15,5;1;0,5;
Vgontzas2007nonap;2007;2;24;2,117647059;1,791855204;0,325791855;20;1,45698547;16;1;1;
Vgontzas2007nonap;2007;2;24,5;2,457013575;2,185520362;0,271493213;20;1,214154558;16,5;1;1,5;
Vgontzas2007nonap;2007;2;25;2,524886878;2,212669683;0,312217195;20;1,396277742;17;1;2;
Vgontzas2007nonap;2007;2;25,5;2,36199095;2,076923077;0,285067873;20;1,274862286;17,5;1;2,5;
Vgontzas2007nonap;2007;2;26;2,199095023;1,900452489;0,298642534;20;1,335570014;18;1;3;
Vgontzas2007nonap;2007;2;26,5;2,402714932;2,063348416;0,339366516;20;1,517693197;18,5;1;3,5;
Vgontzas2007nonap;2007;2;27;2,321266968;1,859728507;0,461538462;20;2,064062748;19;1;4;
Vgontzas2007nonap;2007;2;27,5;2,199095023;1,886877828;0,312217195;20;1,396277742;19,5;1;4,5;
Vgontzas2007nonap;2007;2;28;2,117647059;1,764705882;0,352941176;20;1,578400925;20;1;5;
Vgontzas2007nonap;2007;2;28,5;2,049773756;1,778280543;0,271493213;20;1,214154558;20,5;1;5,5;
Vgontzas2007nonap;2007;2;29;3,081447964;2,57918552;0,502262443;20;2,246185932;21;1;6;
Vgontzas2007nonap;2007;2;29,5;2,850678733;2,701357466;0,149321267;20;0,667785007;21,5;1;6,5;
Vgontzas2007nonap;2007;2;30;3,081447964;2,633484163;0,447963801;20;2,003355021;22;1;7;
Vgontzas2007nonap;2007;2;30,5;2,769230769;2,402714932;0,366515837;20;1,639108653;22,5;0;;
Vgontzas2007nonap;2007;2;31;2,429864253;2,090497738;0,339366516;20;1,517693197;23;0;;
Vgontzas2007nonap;2007;2;31,5;2,56561086;2,14479638;0,42081448;20;1,881939565;23,5;0;;
Vgontzas2007nap;2007;1;8;1,013333333;1,16;0,146666667;20;0,655913273;0;0;;
Vgontzas2007nap;2007;1;8,5;0,96;1,08;0,12;20;0,536656315;0,5;0;;
Vgontzas2007nap;2007;1;9;1,066666667;1,226666667;0,16;20;0,715541753;1;0;;
Vgontzas2007nap;2007;1;9,5;1,053333333;1,2;0,146666667;20;0,655913273;1,5;0;;
Vgontzas2007nap;2007;1;10;0,986666667;1,093333333;0,106666667;20;0,477027835;2;0;;
Vgontzas2007nap;2007;1;10,5;1,226666667;1,453333333;0,226666667;20;1,01368415;2,5;0;;
Vgontzas2007nap;2007;1;11;1,52;1,813333333;0,293333333;20;1,311826547;3;0;;
Vgontzas2007nap;2007;1;11,5;1,693333333;2,106666667;0,413333333;20;1,848482861;3,5;0;;
Vgontzas2007nap;2007;1;12;1,68;1,973333333;0,293333333;20;1,311826547;4;0;;
Vgontzas2007nap;2007;1;12,5;1,866666667;2,253333333;0,386666667;20;1,729225903;4,5;0;;
Vgontzas2007nap;2007;1;13;2,346666667;2,88;0,533333333;20;2,385139176;5;0;;
Vgontzas2007nap;2007;1;13,5;2,266666667;2,626666667;0,36;20;1,609968944;5,5;0;;
Vgontzas2007nap;2007;1;14;2,56;3,04;0,48;20;2,146625258;6;0;;
Vgontzas2007nap;2007;1;14,5;2,346666667;2,733333333;0,386666667;20;1,729225903;6,5;1;0;
Vgontzas2007nap;2007;1;15;2,96;3,333333333;0,373333333;20;1,669597423;7;1;0,5;
Vgontzas2007nap;2007;1;15,5;3,293333333;3,813333333;0,52;20;2,325510697;7,5;1;1;
Vgontzas2007nap;2007;1;16;3,253333333;3,84;0,586666667;20;2,623653094;8;1;1,5;
Vgontzas2007nap;2007;1;16,5;3,48;4,133333333;0,653333333;20;2,921795491;8,5;0;;
Vgontzas2007nap;2007;1;17;3,4;4,026666667;0,626666667;20;2,802538532;9;0;;
Vgontzas2007nap;2007;1;17,5;3,173333333;3,733333333;0,56;20;2,504396135;9,5;0;;
Vgontzas2007nap;2007;1;18;3,506666667;4,08;0,573333333;20;2,564024614;10;0;;
Vgontzas2007nap;2007;1;18,5;3,106666667;3,653333333;0,546666667;20;2,444767655;10,5;0;;
Vgontzas2007nap;2007;1;19;3,333333333;3,84;0,506666667;20;2,265882217;11;0;;
Vgontzas2007nap;2007;1;19,5;3,453333333;4,053333333;0,6;20;2,683281573;11,5;0;;
Vgontzas2007nap;2007;1;20;3,76;4,44;0,68;20;3,041052449;12;0;;
Vgontzas2007nap;2007;1;20,5;3,6;4,24;0,64;20;2,862167011;12,5;0;;
Vgontzas2007nap;2007;1;21;3,586666667;4,16;0,573333333;20;2,564024614;13;0;;
Vgontzas2007nap;2007;1;21,5;3,36;3,84;0,48;20;2,146625258;13,5;0;;
Vgontzas2007nap;2007;1;22;3,373333333;3,973333333;0,6;20;2,683281573;14;0;;
Vgontzas2007nap;2007;1;22,5;3,253333333;3,813333333;0,56;20;2,504396135;14,5;0;;
Vgontzas2007nap;2007;1;23;3,226666667;3,786666667;0,56;20;2,504396135;15;1;0;
Vgontzas2007nap;2007;1;23,5;3,533333333;4,186666667;0,653333333;20;2,921795491;15,5;1;0,5;
Vgontzas2007nap;2007;2;24;2,8;3,173333333;0,373333333;20;1,669597423;16;1;1;
Vgontzas2007nap;2007;2;24,5;2,826666667;3,306666667;0,48;20;2,146625258;16,5;1;1,5;
Vgontzas2007nap;2007;2;25;2,586666667;2,88;0,293333333;20;1,311826547;17;1;2;
Vgontzas2007nap;2007;2;25,5;2,8;3,28;0,48;20;2,146625258;17,5;1;2,5;
Vgontzas2007nap;2007;2;26;2,933333333;3,466666667;0,533333333;20;2,385139176;18;1;3;
Vgontzas2007nap;2007;2;26,5;2,973333333;3,386666667;0,413333333;20;1,848482861;18,5;1;3,5;
Vgontzas2007nap;2007;2;27;2,746666667;3,28;0,533333333;20;2,385139176;19;1;4;
Vgontzas2007nap;2007;2;27,5;2,56;2,96;0,4;20;1,788854382;19,5;1;4,5;
Vgontzas2007nap;2007;2;28;2,653333333;3,066666667;0,413333333;20;1,848482861;20;1;5;
Vgontzas2007nap;2007;2;28,5;2,44;2,693333333;0,253333333;20;1,132941109;20,5;1;5,5;
Vgontzas2007nap;2007;2;29;3;3,413333333;0,413333333;20;1,848482861;21;1;6;
Vgontzas2007nap;2007;2;29,5;2,626666667;2,973333333;0,346666667;20;1,550340464;21,5;1;6,5;
Vgontzas2007nap;2007;2;30;2,773333333;3,213333333;0,44;20;1,96773982;22;1;7;
Vgontzas2007nap;2007;2;30,5;2,906666667;3,306666667;0,4;20;1,788854382;22,5;0;;
Vgontzas2007nap;2007;2;31;2,666666667;3,04;0,373333333;20;1,669597423;23;0;;
Vgontzas2007nap;2007;2;31,5;2,733333333;3,013333333;0,28;20;1,252198067;23,5;0;;
Frey2007;2007;1;9;1,897726614;2,236690308;0,338963694;19;1,477508486;0;0;;
Frey2007;2007;1;10;2,049704965;2,414092177;0,364387212;19;1,588327034;1;0;;
Frey2007;2007;1;11;2,227040626;2,574528481;0,347487855;19;1,514664445;2;0;;
Frey2007;2007;1;12;2,362103068;2,811251893;0,449148825;19;1,95779434;3;0;;
Frey2007;2007;1;13;1,878460354;2,200524691;0,322064337;19;1,403845897;4;0;;
Frey2007;2007;1;14;1,674509447;1,869423088;0,194913641;19;0,849608864;5;0;;
Frey2007;2007;1;15;1,555270497;1,758724852;0,203454354;19;0,88683697;6;0;;
Frey2007;2007;1;16;1,580114704;1,800468415;0,220353711;19;0,960499559;7;0;;
Frey2007;2007;1;17;1,664313557;1,850752692;0,186439135;19;0,812669349;8;0;;
Frey2007;2007;1;18;1,807784297;2,036612515;0,228828217;19;0,997439075;9;0;;
Frey2007;2007;1;19;1,773340064;2,019067639;0,245727574;19;1,071101665;10;0;;
Frey2007;2007;1;20;1,611728584;1,81510018;0,203371596;19;0,886476233;11;0;;
Frey2007;2007;1;21;1,687436379;1,907773539;0,22033716;19;0,960427412;12;0;;
Frey2007;2007;1;22;1,627535524;1,84783958;0,220304056;19;0,960283117;13;0;;
Frey2007;2007;1;23;1,720142676;1,974410964;0,254268288;19;1,10832977;14;0;;
Lindahl2007;2007;1;8;1,769911504;2,241887906;0,471976401;14;1,765973988;0;0;;
Lindahl2007;2007;1;11;1,556047198;1,97640118;0,420353982;14;1,572820583;0;0;;
Lindahl2007;2007;1;16;1,408554572;1,954277286;0,545722714;14;2,041907423;0;0;;
Lindahl2007;2007;1;22;1,85840708;2,359882006;0,501474926;14;1,876347362;0;0;;
Miles2008;2008;1;7;1,314634146;1,143902439;0,170731707;51;1,219268268;0;0;;
Miles2008;2008;1;11;1,024390244;0,870731707;0,153658537;51;1,097341441;0;0;;
Miles2008;2008;1;15;1,109756098;0,956097561;0,153658537;51;1,097341441;0;0;;
Miles2008;2008;1;19;1,502439024;1,246341463;0,256097561;51;1,828902402;0;0;;
Miles2008;2008;2;31;1,536585366;1,263414634;0,273170732;51;1,950829229;0;0;;
Vgontzas2008healthy;2008;1;8;1,071570577;0,807157058;0,523521448;15;0,954888812;0;0;;
Vgontzas2008healthy;2008;1;8,5;0,807157058;0,612326044;0,787934967;15;0,954802522;0,5;0;;
Vgontzas2008healthy;2008;1;9;0,821073559;0,612326044;0,774018466;15;0,955061392;1;0;;
Vgontzas2008healthy;2008;1;9,5;1,015904573;0,723658052;0,407408311;15;0,955147682;1,5;0;;
Vgontzas2008healthy;2008;1;10;1,168986083;0,793240557;0,229786923;15;0,909500096;2;0;;
Vgontzas2008healthy;2008;1;10,5;1,475149105;0,960238569;0,119942919;15;0,954975102;2,5;0;;
Vgontzas2008healthy;2008;1;11;1,322067594;0,890656064;0,592042835;15;0,909327516;3;0;;
Vgontzas2008healthy;2008;1;11,5;1,572564612;1,155069583;0,611484467;15;4,781856247;3,5;0;;
Vgontzas2008healthy;2008;1;12;1,96222664;1,54473161;0,172742685;15;3,300601558;4;0;;
Vgontzas2008healthy;2008;1;12,5;2,421471173;1,614314115;0,507360744;15;3,186658889;4,5;0;;
Vgontzas2008healthy;2008;1;13;2,324055666;1,502982107;0,031772555;15;2,506738704;5;0;;
Vgontzas2008healthy;2008;1;13,5;2,866799205;2,157057654;0,069253193;15;3,528486895;5,5;0;;
Vgontzas2008healthy;2008;1;14;2,852882704;2,143141153;0,263681713;15;2,962509378;6;0;;
Vgontzas2008healthy;2008;1;14,5;2,741550696;1,892644135;0,06670407;15;3,760108056;6,5;0;;
Vgontzas2008healthy;2008;1;15;2,115308151;1,614314115;1,001256266;15;1,611877462;7;0;;
Vgontzas2008healthy;2008;1;15,5;2,017892644;1,572564612;1,098671773;15;1,790974958;7,5;0;;
Vgontzas2008healthy;2008;1;16;2,574552684;1,948310139;0,713790874;15;1,611877462;8;0;;
Vgontzas2008healthy;2008;1;16,5;2,449304175;1,628230616;0,495481101;15;1,063171899;8,5;0;;
Vgontzas2008healthy;2008;1;17;3,047713718;2,365805169;0,191550086;15;0,9112902;9;0;;
Vgontzas2008healthy;2008;1;17,5;2,950298211;2,324055666;0,288965593;15;0,972042878;9,5;0;;
Vgontzas2008healthy;2008;1;18;1,976143141;1,600397614;0,330605325;15;0,69865582;10;0;;
Vgontzas2008healthy;2008;1;18,5;2,212723658;1,809145129;0,224993597;15;0,9112902;10,5;0;;
Vgontzas2008healthy;2008;1;19;1,502982107;1,141153082;0,104209101;15;0,637903138;11;0;;
Vgontzas2008healthy;2008;1;19,5;1,990059642;1,54473161;0,444047372;15;0,607526799;11,5;0;;
Vgontzas2008healthy;2008;1;20;2,463220676;1,878727634;1,929417361;15;1,215053598;12;0;;
Vgontzas2008healthy;2008;1;20,5;2,838966203;2,017892644;0,572076742;15;0,57715046;12,5;0;;
Vgontzas2008healthy;2008;1;21;2,922465209;2,170974155;0,414958104;15;0,546774121;13;0;;
Vgontzas2008healthy;2008;1;21,5;1,906560636;1,489065606;2,167058996;15;0,668279481;13,5;0;;
Vgontzas2008healthy;2008;1;22;2,337972167;1,656063618;1,514788569;15;0,9112902;14;0;;
Vgontzas2008healthy;2008;1;22,5;1,976143141;1,502982107;3,054531705;15;1,15430092;14,5;0;;
Vgontzas2008healthy;2008;1;23;1,711729622;1,308151093;1,45391455;15;2,004838439;15;1;0;
Vgontzas2008healthy;2008;1;23,5;1,836978131;1,252485089;1,96670285;15;1,640322359;15,5;1;0,5;
Vgontzas2008healthy;2008;2;24;2,588469185;1,892644135;3,620119772;15;1,03279556;16;1;1;
Vgontzas2008healthy;2008;2;24,5;2,24055666;1,725646123;2,176621254;15;0,82016118;16,5;1;1,5;
Vgontzas2008healthy;2008;2;25;2,073558648;1,54473161;4,257729695;15;2,365180669;17;1;2;
Vgontzas2008healthy;2008;2;25,5;1,864811133;1,377733598;3,975679664;15;2,128662602;17,5;1;2,5;
Vgontzas2008healthy;2008;2;26;1,614314115;1,224652087;5,15869202;15;3,311252937;18;1;3;
Vgontzas2008healthy;2008;2;26,5;2,324055666;1,711729622;2,853858444;15;3,902548105;18,5;1;3,5;
Vgontzas2008healthy;2008;2;27;1,781312127;1,26640159;5,188013026;15;2,71995777;19;1;4;
Vgontzas2008healthy;2008;2;27,5;1,864811133;1,558648111;7,460342241;15;4,966879406;19,5;1;4,5;
Vgontzas2008healthy;2008;2;28;2,087475149;1,558648111;8,391052458;15;3,07473487;20;1;5;
Vgontzas2008healthy;2008;2;28,5;2,226640159;1,656063618;5,405261681;15;2,956475837;20,5;1;5,5;
Vgontzas2008healthy;2008;2;29;1,4055666;0,97415507;6,250875117;15;4,730361339;21;1;6;
Vgontzas2008healthy;2008;2;29,5;2,324055666;1,697813121;3,71275415;15;0,929516003;21,5;1;6,5;
Vgontzas2008healthy;2008;2;30;1,68389662;1,238568588;3,125919331;15;0,968245837;22;1;7;
Vgontzas2008healthy;2008;2;30,5;1,753479125;1,099403579;2,761858298;15;1,12316517;22,5;1;7,5;
Vgontzas2008healthy;2008;2;31;1,349900596;1,057654076;4,269731305;15;1,936491673;23;0;;
Vgontzas2008healthy;2008;2;31,5;0,55666004;0,222664016;2,236598387;15;3,540619323;23,5;0;;
Vgontzas2008obese;2008;1;8;2,184890656;1,82306163;1,184890656;13;4,272184016;0;0;;
Vgontzas2008obese;2008;1;8,5;2,017892644;1,642147117;1,287555565;13;4,64234761;0,5;0;;
Vgontzas2008obese;2008;1;9;1,781312127;1,447316103;0,956593026;13;3,449045205;1;0;;
Vgontzas2008obese;2008;1;9,5;1,781312127;1,502982107;0,619514374;13;2,233690841;1,5;0;;
Vgontzas2008obese;2008;1;10;1,795228628;1,475149105;0,215453347;13;0,77682809;2;0;;
Vgontzas2008obese;2008;1;10,5;1,976143141;1,711729622;0,223856859;13;0,807127383;2,5;0;;
Vgontzas2008obese;2008;1;11;2,407554672;1,82306163;0,116040834;13;0,418391177;3;0;;
Vgontzas2008obese;2008;1;11,5;2,435387674;1,96222664;0,127522505;13;0,459788931;3,5;0;;
Vgontzas2008obese;2008;1;12;2,532803181;2,031809145;0,292353743;13;1,054096411;4;0;;
Vgontzas2008obese;2008;1;12,5;2,769383698;2,254473161;0,380619653;13;1,372343675;4,5;0;;
Vgontzas2008obese;2008;1;13;3,437375746;2,644135189;1,008162263;13;3,634980733;5;0;;
Vgontzas2008obese;2008;1;13,5;3,117296223;2,463220676;0,297071504;13;1,07110654;5,5;0;;
Vgontzas2008obese;2008;1;14;2,964214712;2,254473161;0,319270892;13;1,151147572;6;0;;
Vgontzas2008obese;2008;1;14,5;3,590457256;2,825049702;1,201693211;13;4,33276649;6,5;0;;
Vgontzas2008obese;2008;1;15;3,284294235;2,296222664;0,841597606;13;3,034423322;7;0;;
Vgontzas2008obese;2008;1;15,5;3,409542744;2,713717694;0,77808207;13;2,8054148;7,5;0;;
Vgontzas2008obese;2008;1;16;3,687872763;2,727634195;0,099108718;13;0,357341565;8;0;;
Vgontzas2008obese;2008;1;16,5;3,938369781;3,117296223;0,794549556;13;2,864789165;8,5;0;;
Vgontzas2008obese;2008;1;17;3,437375746;2,491053678;0,09130833;13;0,329216866;9;0;;
Vgontzas2008obese;2008;1;17,5;3,687872763;2,769383698;0,490119954;13;1,767152625;9,5;0;;
Vgontzas2008obese;2008;1;18;3,966202783;2,908548708;0,728000536;13;2,624843261;10;0;;
Vgontzas2008obese;2008;1;18,5;4,592445328;3,673956262;1,718288025;13;6,19537558;10,5;0;;
Vgontzas2008obese;2008;1;19;4,147117296;3,21471173;0,625768981;13;2,256242148;11;0;;
Vgontzas2008obese;2008;1;19,5;4,48111332;3,590457256;1,472398616;13;5,308808708;11,5;0;;
Vgontzas2008obese;2008;1;20;4,662027833;3,729622266;1,401616787;13;5,053601194;12;0;;
Vgontzas2008obese;2008;1;20,5;3,423459245;2,783300199;0,41582366;13;1,499273528;12,5;0;;
Vgontzas2008obese;2008;1;21;4,077534791;3,159045726;1,250700697;13;4,509465493;13;0;;
Vgontzas2008obese;2008;1;21,5;4,592445328;3,715705765;1,856257234;13;6,692830638;13,5;0;;
Vgontzas2008obese;2008;1;22;4,300198807;3,437375746;1,348383107;13;4,861664431;14;0;;
Vgontzas2008obese;2008;1;22,5;4,397614314;3,757455268;1,518328495;13;5,474411242;14,5;0;;
Vgontzas2008obese;2008;1;23;3,687872763;3,089463221;0,376710421;13;1,358248739;15;1;0;
Vgontzas2008obese;2008;1;23,5;3,64612326;2,825049702;0,407654301;13;1,469818485;15,5;1;0,5;
Vgontzas2008obese;2008;2;24;4,049701789;3,089463221;0,199208828;13;0,718257644;16;1;1;
Vgontzas2008obese;2008;2;24,5;4,244532803;3,395626243;0,214448272;13;0,773204241;16,5;1;1,5;
Vgontzas2008obese;2008;2;25;4,564612326;3,534791252;0,426942896;13;1,539364503;17;1;2;
Vgontzas2008obese;2008;2;25,5;4,884691849;3,757455268;0,963827246;13;3,475128556;17,5;1;2,5;
Vgontzas2008obese;2008;2;26;3,632206759;2,741550696;0,432246079;13;1,558485401;18;1;3;
Vgontzas2008obese;2008;2;26,5;3,576540755;2,811133201;0,667569054;13;2,406954454;18,5;1;3,5;
Vgontzas2008obese;2008;2;27;3,882703777;3,256461233;0,82931859;13;2,9901507;19;1;4;
Vgontzas2008obese;2008;2;27,5;3,312127237;2,713717694;0,822729943;13;2,966394995;19,5;1;4,5;
Vgontzas2008obese;2008;2;28;3,326043738;2,727634195;1,222704647;13;4,4085243;20;1;5;
Vgontzas2008obese;2008;2;28,5;3,21471173;2,435387674;1,387502099;13;5,002709963;20,5;1;5,5;
Vgontzas2008obese;2008;2;29;2,908548708;2,254473161;2,702020119;13;9,742272086;21;1;6;
Vgontzas2008obese;2008;2;29,5;2,296222664;1,809145129;2,34084998;13;8,440054631;21,5;1;6,5;
Vgontzas2008obese;2008;2;30;3,005964215;2,296222664;2,495482786;13;8,997591142;22;1;7;
Vgontzas2008obese;2008;2;30,5;3,005964215;2,324055666;1,684083364;13;6,072048921;22,5;1;7,5;
Vgontzas2008obese;2008;2;31;2,992047714;2,407554672;2,724470983;13;9,823219828;23;0;;
Vgontzas2008obese;2008;2;31,5;1,196819085;0,654075547;3,744336226;13;13,50039626;23,5;0;;
Benedict2009;2009;1;21,2;2,191780822;1,917808219;0,273972603;17;1,12961798;0,2;0;;
Benedict2009;2009;1;21,5;2,191780822;1,917808219;0,273972603;17;1,12961798;0,5;0;;
Benedict2009;2009;1;21,65;2,054794521;1,643835616;0,410958904;17;1,694426969;0,65;0;;
Benedict2009;2009;1;21,85;1,917808219;1,643835616;0,273972603;17;1,12961798;0,85;0;;
Benedict2009;2009;1;22;2,054794521;1,643835616;0,410958904;17;1,694426969;1;0;;
Benedict2009;2009;1;22,2;2,602739726;1,917808219;0,684931507;17;2,824044949;1,2;0;;
Benedict2009;2009;1;22,4;2,054794521;1,506849315;0,547945205;17;2,259235959;1,4;0;;
Benedict2009;2009;1;23;2,739726027;2,054794521;0,684931507;17;2,824044949;2;0;;
Benedict2009;2009;2;24;2,465753425;1,917808219;0,547945205;17;2,259235959;4;1;1;
Benedict2009;2009;2;25;3,01369863;2,191780822;0,821917808;17;3,388853939;6;1;2;
Benedict2009;2009;2;26;2,739726027;2,191780822;0,547945205;17;2,259235959;8;1;3;
Benedict2009;2009;2;27;3,424657534;3,01369863;0,410958904;17;1,694426969;10;1;4;
Benedict2009;2009;2;28;3,835616438;3,424657534;0,410958904;17;1,694426969;12;1;5;
Benedict2009;2009;2;29;4,109589041;3,561643836;0,547945205;17;2,259235959;14;1;6;
Benedict2009;2009;2;30;4,520547945;3,835616438;0,684931507;17;2,824044949;16;1;7;
Peeling2009;2009;1;7;0,479203302;0,359836363;0,119366939;8;0,337620689;0;0;;
Peeling2009;2009;1;8;0,554713291;0,363830872;0,190882419;8;0,539897012;1;0;;
Peeling2009;2009;1;10;0,510966533;0,391682239;0,119284294;8;0,337386933;3;0;;
Peeling2009;2009;1;13;0,479120657;0,359863911;0,119256746;8;0,337309015;6;0;;
Peeling2009;2009;2;32;0,495071144;0,36385842;0,131212724;8;0,371125627;0;0;;
Philips2010BT;2010;1;6,5;1,635973222;1,379478759;0,256494463;7;0,725475898;0;0;;
Philips2010BT;2010;1;7,5;1,518420277;1,321039114;0,197381163;7;0,558278235;1;0;;
Philips2010BT;2010;1;9,5;1,242558208;0,986400573;0,256157635;7;0,724523204;3;0;;
Philips2010AT;2010;1;6,5;2,069470759;2,423813734;0,354342975;7;1,002233282;0;0;;
Philips2010AT;2010;1;7,5;1,57719675;1,833017557;0,255820808;7;0,723570511;1;0;;
Philips2010AT;2010;1;9,5;1,675382089;1,951917814;0,276535725;7;0,782161145;3;0;;
Rief2010high;2010;1;22,5;3,77245509;5;1,22754491;52;8,851952233;0;0;;
Rief2010high;2010;2;6,5;5,568862275;6,616766467;1,047904192;52;7,556544589;0;0;;
Rief2010low;2010;1;22,5;8,622754491;9,640718563;1,017964072;60;7,885115795;0;0;;
Rief2010low;2010;2;6,5;4,580838323;5,389221557;0,808383234;60;6,261709602;0;0;;
Chennaoui2011;2011;1;8;0,594383403;0,712925681;0,118542278;12;0,410642497;3;0;;
Chennaoui2011;2011;1;11;2,495495803;3,23070361;0,735207807;12;2,546834553;6;0;;
Chennaoui2011;2011;1;14;3,329454719;4,15955777;0,830103051;12;2,875561318;9;0;;
Chennaoui2011;2011;1;17;4,258343001;5,254384768;0,996041766;12;3,450389891;12;0;;
Chennaoui2011;2011;1;20;3,43226643;3,93025319;0,49798676;12;1,725076741;15;0;;
Chennaoui2011;2011;1;23;3,602197502;4,147614823;0,545417321;12;1,889381022;18;0;;
Pledge2011;2011;1;8;4,141799812;4,279957707;0,138157895;12;0,478592986;0;0;;
Pledge2011;2011;1;9;4,034304511;4,179100094;0,144795583;12;0,501586612;0;0;;
Pledge2011;2011;1;18;4,492657425;4,801809211;0,309151786;12;1,0709332;0;0;;
Pledge2011;2011;1;19;4,911536654;5,227326128;0,315789474;12;1,093926826;0;0;;
Crispim2012EM;2012;1;8;2,333162042;2,174945758;0,158216284;6;0,387549165;0;0;;
Crispim2012EM;2012;1;12;2,496117392;2,122016672;0,374100719;6;0,916355875;4;0;;
Crispim2012EM;2012;1;16;2,112310152;1,997145141;0,115165011;6;0,282095513;8;0;;
Crispim2012EM;2012;1;20;2,260762818;2,016215599;0,244547219;6;0,599015905;12;0;;
Crispim2012EM;2012;2;24;2,351775722;2,135891287;0,215884435;6;0,52880671;16;1;0;
Crispim2012EM;2012;2;28;2,572285029;2,241178486;0,331106543;6;0,811042082;20;1;4;
Crispim2012EM;2012;2;32;2,360911271;2,217083476;0,143827795;6;0,352304708;24;0;6;
Crispim2012N;2012;1;8;3,023866621;3,657074341;0,63320772;9;1,899623159;0;0;;
Crispim2012N;2012;1;12;3,143656503;3,819744205;0,676087701;9;2,028263104;4;0;;
Crispim2012N;2012;1;16;2,615735983;2,975619504;0,359883522;9;1,079650565;8;0;;
Crispim2012N;2012;1;20;2,749971451;3,325625214;0,575653763;9;1,726961288;12;0;;
Crispim2012N;2012;2;24;2,75465342;3,373358456;0,618705036;9;1,856115108;16;1;2;
Crispim2012N;2012;2;28;2,413840356;3,219652849;0,805812493;9;2,417437479;20;1;6;
Crispim2012N;2012;2;32;3,037341555;3,684766473;0,647424917;9;1,942274752;24;0;8;
Crispim2012D;2012;1;8;2,779205207;3,383293365;0,604088158;7;1,598267036;0;1;0;
Crispim2012D;2012;1;12;2,884663698;3,46031746;0,575653763;7;1,523036697;4;1;4;
Crispim2012D;2012;1;16;2,270583533;2,544021925;0,273438392;7;0,723449985;8;0;6;
Crispim2012D;2012;1;20;3,023295649;3,55566975;0,532374101;7;1,408529475;12;0;;
Crispim2012D;2012;2;24;2,466883636;2,768984812;0,302101176;7;0,799284583;16;0;;
Crispim2012D;2012;2;28;3,26276122;3,780861025;0,518099806;7;1,370763241;20;0;;
Crispim2012D;2012;2;32;2,807011534;3,454436451;0,647424917;7;1,712925324;24;0;;
Voderholzer2012;2012;0;22;1,129032258;2,167741935;1,038709677;16;1,038709677;0;1;0;
Voderholzer2012;2012;1;24;1,670967742;2,935483871;1,264516129;16;1,264516129;2;1;2;
Voderholzer2012;2012;1;26;1,35483871;2,393548387;1,038709677;16;1,038709677;4;1;4;
Voderholzer2012;2012;1;28;1,648387097;3,635483871;1,987096774;16;1,987096774;6;1;6;
Voderholzer2012;2012;1;30;1,151612903;1,829032258;0,677419355;16;0,677419355;8;1;8;
Voderholzer2012;2012;1;32;1,806451613;3,251612903;1,44516129;16;1,44516129;10;1;10;
Grigoleit2012;2012;1;9;1,265060241;2,168674699;0,903614458;10;0,285747981;0;0;;2
Grigoleit2012;2012;1;10;1,084337349;2,168674699;1,084337349;10;0,342897578;1;0;;3
Grigoleit2012;2012;1;11;1,265060241;2,168674699;0,903614458;10;0,285747981;2;0;;4
Grigoleit2012;2012;1;12,5;4,518072289;5,963855422;1,445783133;10;0,45719677;3,5;0;;5,5
Grigoleit2012;2012;1;13,5;4,879518072;6,686746988;1,807228916;10;0,571495963;4,5;0;;6,5
Grigoleit2012;2012;1;15,5;5,421686747;7,048192771;1,626506024;10;0,514346366;6,5;0;;8,5
Grigoleit2012;2012;2;24;1,265060241;1,987951807;0,722891566;10;0,228598385;24;0;;2
Abedelmalek2013;2013;1;8;1,13;;0,5;12;1,732050808;0;0;;
Abedelmalek2013;2013;1;18;2,37;;0,93;12;3,221614502;0;0;;
Pejovic2013;2013;1;8;1,915254237;2,186440678;0,271186441;30;1,485349308;0;0;;
Pejovic2013;2013;1;9;1,720338983;1,974576271;0,254237288;30;1,392514977;1;0;;
Pejovic2013;2013;1;10;1,940677966;2,186440678;0,245762712;30;1,346097811;2;0;;
Pejovic2013;2013;1;11;2,347457627;2,601694915;0,254237288;30;1,392514977;3;0;;
Pejovic2013;2013;1;12;2,533898305;2,796610169;0,262711864;30;1,438932143;4;0;;
Pejovic2013;2013;1;13;2,593220339;2,855932203;0,262711864;30;1,438932143;5;0;;
Pejovic2013;2013;1;14;2,533898305;2,788135593;0,254237288;30;1,392514977;6;0;;
Pejovic2013;2013;1;15;2,694915254;2,906779661;0,211864407;30;1,160429147;7;0;;
Pejovic2013;2013;1;16;2,847457627;3,127118644;0,279661017;30;1,531766474;8;0;;
Pejovic2013;2013;1;17;2,796610169;3,059322034;0,262711864;30;1,438932143;9;0;;
Pejovic2013;2013;1;18;2,5;2,771186441;0,271186441;30;1,485349308;10;0;;
Pejovic2013;2013;1;19;2,296610169;2,550847458;0,254237288;30;1,392514977;11;0;;
Pejovic2013;2013;1;20;2,406779661;2,669491525;0,262711864;30;1,438932143;12;0;;
Pejovic2013;2013;1;21;2,550847458;2,813559322;0,262711864;30;1,438932143;13;0;;
Pejovic2013;2013;1;22;2,491525424;2,779661017;0,288135593;30;1,57818364;14;0;;
Pejovic2013;2013;1;23;2,245762712;2,5;0,254237288;30;1,392514977;15;0;;
Pejovic2013;2013;2;24;2,169491525;2,423728814;0,254237288;30;1,392514977;16;1;1;
Pejovic2013;2013;2;25;2,228813559;2,483050847;0,254237288;30;1,392514977;17;1;2;
Pejovic2013;2013;2;26;2,262711864;2,516949153;0,254237288;30;1,392514977;18;1;3;
Pejovic2013;2013;2;27;2,338983051;2,593220339;0,254237288;30;1,392514977;19;1;4;
Pejovic2013;2013;2;28;2,271186441;2,533898305;0,262711864;30;1,438932143;20;1;5;
Pejovic2013;2013;2;29;2,296610169;2,584745763;0,288135593;30;1,57818364;21;1;6;
Pejovic2013;2013;2;30;2,220338983;2,466101695;0,245762712;30;1,346097811;22;1;7;
Pejovic2013;2013;2;31;1,559322034;1,830508475;0,271186441;30;1,485349308;23;1;8;
Agorastos2014;2014;1;11,5;1,401482047;1,532312092;0,130830045;11;0,43391417;15,5;0;;
Agorastos2014;2014;1;12,5;1,619034624;1,83450839;0,215473766;11;0,714645635;16,5;0;;
Agorastos2014;2014;1;13,5;2,922098076;4,250944999;1,328846924;11;4,40728665;17,5;0;;
Agorastos2014;2014;1;14,5;6,083833771;9,009900086;2,926066315;11;9,704664077;18,5;0;;
Agorastos2014;2014;1;15,5;3,969939801;5,879312667;1,909372866;11;6,332673382;19,5;0;;
Agorastos2014;2014;1;16,5;3,975914303;5,290150442;1,314236139;11;4,358828161;20,5;0;;
Agorastos2014;2014;1;17,5;3,45180465;4,276312801;0,824508152;11;2,734584176;21,5;0;;
Agorastos2014;2014;1;18,5;4,282748374;6,120139461;1,837391086;11;6,093936826;22,5;0;;
Agorastos2014;2014;1;19,5;3,340784952;4,774053488;1,433268536;11;4,753613957;23,5;0;;
Agorastos2014;2014;1;20,5;3,059944357;3,859123908;0,799179551;11;2,65057871;24,5;0;;
Agorastos2014;2014;1;21,5;3,175926908;4,225727683;1,049800776;11;3,481795277;25,5;0;;
Agorastos2014;2014;1;22,5;2,807113848;3,416106049;0,608992202;11;2,019798633;26,5;0;;
Agorastos2014;2014;1;23,5;3,545356557;4,471313414;0,925956857;11;3,071051467;27,5;1;1;
Agorastos2014;2014;2;24,5;3,023747836;3,614639169;0,590891333;11;1,959764844;28,5;1;2;
Agorastos2014;2014;2;25,5;3,620078966;4,647775859;1,027696893;11;3,408484992;29,5;1;3;
Agorastos2014;2014;2;26,5;4,572422272;5,870477979;1,298055707;11;4,305163737;30,5;1;4;
Agorastos2014;2014;2;27,5;5,984806309;8,252489555;2,267683245;11;7,521054468;31,5;1;5;
Agorastos2014;2014;2;28,5;7,294146994;10,0579482;2,763801211;11;9,166491612;32,5;1;6;
Agorastos2014;2014;2;29,5;3,981637457;5,204041882;1,222404425;11;4,05425682;33,5;1;7;
Agorastos2014;2014;2;30,5;5,698035771;8,745239001;3,04720323;11;10,10642977;34,5;1;8;
Agorastos2014;2014;2;31,5;3,922722327;5,506484093;1,583761767;11;5,252743537;35,5;0;;
Agorastos2014;2014;2;32,5;3,928625769;5,614090647;1,685464879;11;5,5900546;36,5;0;;
Agorastos2014;2014;2;33,5;4,379020589;6,485143985;2,106123395;11;6,985221064;37,5;0;;
Agorastos2014;2014;2;34,5;4,083403803;5,835271784;1,751867981;11;5,810288776;38,5;0;;
Gill2010;2010;1;19;1,43;1,26;0,18;14;0,655097434;0;0;;
Gill2010;2010;1;20;1,6;1,41;0,19;14;0,708964915;1;0;;
Gill2010;2010;1;21;1,95;1,72;0,23;14;0,863263856;2;0;;
Gill2010;2010;1;22;2,12;1,87;0,24;14;0,902583768;3;0;;
Gill2010;2010;1;23;2,14;1,87;0,27;14;1,010526174;4;0;;
Gill2010;2010;2;24;2,21;1,95;0,26;14;0,977273339;5;1;1;
Gill2010;2010;2;25;2,38;2,1;0,28;14;1,054483817;6;1;2;
Gill2010;2010;2;26;2,2;1,95;0,25;14;0,936803434;7;1;3;
Gill2010;2010;2;27;2,69;2,36;0,33;14;1,228187889;8;1;4;
Gill2010;2010;2;28;2,22;1,95;0,27;14;1,016229229;9;1;5;
Gill2010;2010;2;29;1,94;1,71;0,23;14;0,858794965;10;1;6;
Gill2010;2010;2;30;1,91;1,68;0,23;14;0,873348814;11;1;7;
Gill2010;2010;2;31;1,69;1,49;0,21;14;0,774651132;12;1;8;
Kritikou2014male;2014;1;8;2,04;1,79;0,25;18;1,06624289;0;0;;
Kritikou2014male;2014;1;9;1,94;1,71;0,23;18;0,980813183;1;0;;
Kritikou2014male;2014;1;10;1,9;1,66;0,23;18;0,99033267;2;0;;
Kritikou2014male;2014;1;11;2,05;1,8;0,25;18;1,052812379;3;0;;
Kritikou2014male;2014;1;12;2,2;1,92;0,28;18;1,18358403;4;0;;
Kritikou2014male;2014;1;13;2,62;2,35;0,27;18;1,158538734;5;0;;
Kritikou2014male;2014;1;14;2,34;2,07;0,27;18;1,129395147;6;0;;
Kritikou2014male;2014;1;15;2,22;1,96;0,26;18;1,108932486;7;0;;
Kritikou2014male;2014;1;16;2,48;2,16;0,32;18;1,372235307;8;0;;
Kritikou2014male;2014;1;17;2,34;2,04;0,3;18;1,275151638;9;0;;
Kritikou2014male;2014;1;18;2,59;2,23;0,36;18;1,512550411;10;0;;
Kritikou2014male;2014;1;19;2,29;2,02;0,28;18;1,179261617;11;0;;
Kritikou2014male;2014;1;20;2,5;2,15;0,34;18;1,459463587;12;0;;
Kritikou2014male;2014;1;21;2,39;2,06;0,32;18;1,377584403;13;0;;
Kritikou2014male;2014;1;22;2,66;2,31;0,34;18;1,44891353;14;0;;
Kritikou2014male;2014;1;23;2,41;2,11;0,3;18;1,257841286;15;0;;
Kritikou2014male;2014;2;24;2,48;2,18;0,3;18;1,276287197;16;1;1;
Kritikou2014male;2014;2;25;2,36;2,07;0,3;18;1,253048792;17;1;2;
Kritikou2014male;2014;2;26;2,41;2,11;0,3;18;1,25835902;18;1;3;
Kritikou2014male;2014;2;27;2,48;2,19;0,3;18;1,257261211;19;1;4;
Kritikou2014male;2014;2;28;1,95;1,62;0,34;18;1,43938134;20;1;5;
Kritikou2014male;2014;2;29;2,35;2,02;0,32;18;1,371356719;21;1;6;
Kritikou2014male;2014;2;30;1,98;1,65;0,33;18;1,413943399;22;1;7;
Kritikou2014male;2014;2;31;2,23;1,98;0,25;18;1,060455992;23;1;8;
Kritikou2014female;2014;1;8;1,98;1,67;0,31;21;1,426916021;0;0;;
Kritikou2014female;2014;1;9;1,9;1,62;0,28;21;1,295039959;1;0;;
Kritikou2014female;2014;1;10;1,87;1,61;0,26;21;1,213423756;2;0;;
Kritikou2014female;2014;1;11;2,25;1,96;0,29;21;1,344992144;3;0;;
Kritikou2014female;2014;1;12;2,46;2,13;0,33;21;1,507833532;4;0;;
Kritikou2014female;2014;1;13;3,07;2,68;0,38;21;1,753063754;5;0;;
Kritikou2014female;2014;1;14;3,03;2,69;0,34;21;1,549574817;6;0;;
Kritikou2014female;2014;1;15;3,07;2,7;0,37;21;1,70376316;7;0;;
Kritikou2014female;2014;1;16;3,13;2,78;0,34;21;1,575069698;8;0;;
Kritikou2014female;2014;1;17;3,63;3,22;0,41;21;1,857395086;9;0;;
Kritikou2014female;2014;1;18;3,6;3,17;0,43;21;1,968903744;10;0;;
Kritikou2014female;2014;1;19;3,55;3,16;0,39;21;1,786677947;11;0;;
Kritikou2014female;2014;1;20;3,88;3,46;0,42;21;1,918960786;12;0;;
Kritikou2014female;2014;1;21;3,64;3,2;0,44;21;2,018887593;13;0;;
Kritikou2014female;2014;1;22;3,38;3,1;0,28;21;1,288855539;14;0;;
Kritikou2014female;2014;1;23;3,35;3,06;0,29;21;1,337231383;15;0;;
Kritikou2014female;2014;2;24;3,41;3,04;0,37;21;1,717518832;16;1;1;
Kritikou2014female;2014;2;25;3,19;2,81;0,38;21;1,741553845;17;1;2;
Kritikou2014female;2014;2;26;2,56;2,24;0,32;21;1,465590666;18;1;3;
Kritikou2014female;2014;2;27;2,48;2,16;0,31;21;1,437260161;19;1;4;
Kritikou2014female;2014;2;28;2,54;2,17;0,38;21;1,732369275;20;1;5;
Kritikou2014female;2014;2;29;2,17;1,88;0,3;21;1,354144776;21;1;6;
Kritikou2014female;2014;2;30;1,94;1,64;0,29;21;1,33366149;22;1;7;
Kritikou2014female;2014;2;31;1,95;1,66;0,28;21;1,293464594;23;1;8;
